name,email,role,contact_number,address,work_position,department
Karalee Petrichat,kpetrichat0@woothemes.com,technician-role,6215270123,83982 Becker Drive,Mobile Developer,Rapid Department
Ruthie Busfield,rbusfield1@icio.us,manager-role,4804283249,78 Victoria Circle,Hybrid Developer,Native Department
Elly Nesey,enesey2@free.fr,employee-role,3793821795,2714 Norway Maple Junction,Web Developer,Rapid Department
Milt Vuitte,mvuitte3@networksolutions.com,technician-role,7015898660,9241 Hayes Trail,Mobile Developer,Native Department
Peri Hathwood,phathwood4@networksolutions.com,manager-role,6688800872,8 Vermont Crossing,Hybrid Developer,Rapid Department
Timmy Ruckhard,truckhard5@t.co,employee-role,3057619743,6544 Cordelia Junction,Web Developer,Native Department
Bella Loverock,bloverock6@hud.gov,technician-role,9634333921,43 Riverside Crossing,Mobile Developer,Rapid Department
Godfree Attrill,gattrill7@discuz.net,manager-role,1602857332,14964 Bonner Place,Hybrid Developer,Native Department
Stanislaus Reglar,sreglar8@apache.org,employee-role,6035211381,13038 Mayer Circle,Web Developer,Rapid Department
Jesus Paolacci,jpaolacci9@thetimes.co.uk,technician-role,7921499790,42401 Summerview Pass,Mobile Developer,Native Department
Tabbi Godspeede,tgodspeedea@sogou.com,manager-role,4399476804,5 Mitchell Drive,Hybrid Developer,Rapid Department
Darryl McKimmey,dmckimmeyb@ucoz.com,employee-role,9317216211,37 Aberg Trail,Web Developer,Native Department
Gearard Parsonage,gparsonagec@wired.com,technician-role,3305293762,18317 Oneill Alley,Mobile Developer,Rapid Department
Nomi Winward,nwinwardd@marriott.com,manager-role,3663109632,05 Northwestern Junction,Hybrid Developer,Native Department
Raina Wannan,rwannane@multiply.com,employee-role,9053628548,38428 Anthes Lane,Web Developer,Rapid Department
Esther Brownfield,ebrownfieldf@photobucket.com,technician-role,8406207487,8 Oak Valley Place,Mobile Developer,Native Department
Kev Seeney,kseeneyg@latimes.com,manager-role,5253942714,0 Heffernan Alley,Hybrid Developer,Rapid Department
Forrester Perico,fpericoh@altervista.org,employee-role,1023684777,856 Vera Circle,Web Developer,Native Department
Garfield Jachimiak,gjachimiaki@alibaba.com,technician-role,8556190911,63366 Talmadge Hill,Mobile Developer,Rapid Department
Fayre Gaitskill,fgaitskillj@pagesperso-orange.fr,manager-role,3826422347,3899 Nobel Place,Hybrid Developer,Native Department
